{
  "project_info": {
    "project_number": "175035263504",
    "firebase_url": "https://dadm4-lucas.firebaseio.com",
    "project_id": "dadm4-lucas",
    "storage_bucket": "dadm4-lucas.appspot.com"
  },
  "client": [
    {
      "client_info": {
        "mobilesdk_app_id": "1:175035263504:android:2b9a08e2b2aa9e0f",
        "android_client_info": {
          "package_name": "com.example.cuatroenrayaLucas"
        }
      },
      "oauth_client": [
        {
          "client_id": "175035263504-68pckj0q19res1a2gfalem65mn3l65ai.apps.googleusercontent.com",
          "client_type": 1,
          "android_info": {
            "package_name": "com.example.cuatroenrayaLucas",
            "certificate_hash": "bd18dd4b6abb7a56e19d630ec10aa37b7193ede2"
          }
        },
        {
          "client_id": "175035263504-3gopa4p91003f6g4lqt7m81lbv4o499l.apps.googleusercontent.com",
          "client_type": 3
        }
      ],
      "api_key": [
        {
          "current_key": "AIzaSyD7TjzTQ2sYdCYcCT7-Lnlhtb_NGxGKxGU"
        }
      ],
      "services": {
        "appinvite_service": {
          "other_platform_oauth_client": [
            {
              "client_id": "175035263504-3gopa4p91003f6g4lqt7m81lbv4o499l.apps.googleusercontent.com",
              "client_type": 3
            }
          ]
        }
      }
    }
  ],
  "configuration_version": "1"
}